Workbook

Sheet Product Backlog
C2: Product Backlog - BusTracka
A4: ID | B4: Historia de usuario | C4: Requisito | D4: Prioridad | E4: Puntos | F4: Sprint | G4: Estado | H4: Criterios de aceptacion
A5: HU-01 | B5: Como pasajero quiero registrarme con nombre, correo y contraseña para tener una cuenta en BusTracka. | C5: RF1 | D5: Alta | E5: 5 | F5: 1 | G5: =INDEX('Sprint Backlog'!$F$6:$F$10,MATCH(A5,'Sprint Backlog'!$A$6:$A$10,0)) -> En progreso | H5: Correo unico; contraseña de minimo 8 caracteres guardada con hash BCrypt; al registrarse queda con sesión iniciada.
A6: HU-02 | B6: Como usuario quiero iniciar sesión con mi correo y contraseña para acceder al sistema. | C6: RF2 | D6: Alta | E6: 5 | F6: 1 | G6: =INDEX('Sprint Backlog'!$F$6:$F$10,MATCH(A6,'Sprint Backlog'!$A$6:$A$10,0)) -> En progreso | H6: Credenciales validas devuelven un token JWT; credenciales incorrectas muestran un mensaje de error.
A7: HU-03 | B7: Como usuario quiero recuperar mi contraseña mediante un enlace para volver a entrar si la olvido. | C7: RF3 | D7: Media | E7: 8 | F7: 1 | G7: =INDEX('Sprint Backlog'!$F$6:$F$10,MATCH(A7,'Sprint Backlog'!$A$6:$A$10,0)) -> Hecho | H7: Se genera un enlace con token que vence en 15 minutos; la nueva contraseña permite iniciar sesión.
A8: HU-04 | B8: Como usuario quiero cerrar sesión para proteger mi cuenta en un equipo compartido. | C8: RF4 | D8: Media | E8: 3 | F8: 1 | G8: =INDEX('Sprint Backlog'!$F$6:$F$10,MATCH(A8,'Sprint Backlog'!$A$6:$A$10,0)) -> Hecho | H8: Al cerrar sesión se elimina el token y se bloquea el acceso a las rutas privadas.
A9: HU-05 | B9: Como usuario quiero que mi sesión se mantenga al refrescar la pagina para no iniciar sesión de nuevo. | C9: RF2 | D9: Media | E9: 3 | F9: 1 | G9: =INDEX('Sprint Backlog'!$F$6:$F$10,MATCH(A9,'Sprint Backlog'!$A$6:$A$10,0)) -> Hecho | H9: Con un token valido, GET /api/auth/me devuelve mis datos y la página sigue autenticada tras refrescar.
A10: HU-06 | B10: Como pasajero quiero consultar las rutas de bus disponibles. | C10: Por definir | D10: Alta | E10: 5 | F10: 2 | G10: Pendiente
A11: HU-07 | B11: Como pasajero quiero ver la ubicación de los buses en el mapa. | C11: Por definir | D11: Alta | E11: 8 | F11: 2 | G11: Pendiente
A12: HU-08 | B12: Como administrador quiero gestionar buses y rutas. | C12: Por definir | D12: Media | E12: 8 | F12: 3 | G12: Pendiente
A13: HU-09 | B13: Como pasajero quiero recibir avisos de llegada de mi bus. | C13: Por definir | D13: Baja | E13: 5 | F13: 3 | G13: Pendiente

Sheet Sprint Goal
B3: BusTracka - Planeamiento del Sprint 1
B5: Producto | C5: BusTracka - seguimiento de buses
B6: Sprint | C6: Sprint 1: gestion de autenticación y sesión
B7: Fecha de inicio | C7: 46275
B8: Fecha de fin | C8: 46285
B9: Duracion (dias) | C9: =C8-C7 -> 10
B11: Sprint Goal
B12: Permitir que un usuario se registre, inicie y cierre sesión y recupere su contraseña de forma segura, dejando lista la base de autenticación (API REST con JWT y interfaz web) sobre la que se construirán los siguientes sprints.
B14: Equipo de desarrollo | E14: Indicadores del sprint
B15: Integrante | C15: Rol en el sprint | E15: Historias de usuario comprometidas | F15: =COUNTIF('Product Backlog'!$F$5:$F$13,1) -> 5
B16: Alessandra Cosette Mañuico Jáuregui | C16: Base de datos y capa de persistencia | E16: Puntos comprometidos | F16: =SUMIFS('Product Backlog'!$E$5:$E$13,'Product Backlog'!$F$5:$F$13,1) -> 24
B17: Alvaro Diego Mera Incio | C17: Frontend React | E17: Tareas totales | F17: =COUNTA('Sprint Backlog'!$A$16:$A$40) -> 25
B18: David Eduardo Vilela Rivera | C18: Pruebas, documentacion y demas tareas | E18: Tareas hechas | F18: =COUNTIF('Sprint Backlog'!$H$16:$H$40,"Hecho") -> 22
B19: Reaid Yusef Barreto Ibrahim | C19: Backend: API de autenticacion y JWT | E19: Avance por tareas | F19: =F18/F17 -> 0.88
E20: Horas estimadas | F20: ='Sprint Backlog'!F41 -> 60
E21: Horas restantes | F21: ='Sprint Backlog'!G41 -> 11
E22: Avance por horas | F22: =IF(F20=0,0,1-F21/F20) -> 0.81666667

Sheet Sprint Backlog
C3: Sprint Backlog - Sprint 1
A5: ID | B5: Historia de usuario | C5: Puntos | D5: Horas estimadas | E5: Horas restantes | F5: Estado
A6: HU-01 | B6: =INDEX('Product Backlog'!$B$5:$B$13,MATCH(A6,'Product Backlog'!$A$5:$A$13,0)) -> Como pasajero quiero registrarme con nombre, correo y contraseña para tener una cuenta en BusTracka. | C6: =INDEX('Product Backlog'!$E$5:$E$13,MATCH(A6,'Product Backlog'!$A$5:$A$13,0)) -> 5 | D6: =SUMIFS($F$16:$F$40,$B$16:$B$40,A6) -> 22 | E6: =SUMIFS($G$16:$G$40,$B$16:$B$40,A6) -> 5 | F6: =IF(COUNTIFS($B$16:$B$40,A6,$H$16:$H$40,"<>Hecho")=0,"Hecho",IF(COUNTIFS($B$16:$B$40,A6,$H$16:$H$40,"Hecho")=0,"Pendiente","En progreso")) -> En progreso
A7: HU-02 | B7: =INDEX('Product Backlog'!$B$5:$B$13,MATCH(A7,'Product Backlog'!$A$5:$A$13,0)) -> Como usuario quiero iniciar sesión con mi correo y contraseña para acceder al sistema. | C7: =INDEX('Product Backlog'!$E$5:$E$13,MATCH(A7,'Product Backlog'!$A$5:$A$13,0)) -> 5 | D7: =SUMIFS($F$16:$F$40,$B$16:$B$40,A7) -> 17 | E7: =SUMIFS($G$16:$G$40,$B$16:$B$40,A7) -> 6 | F7: =IF(COUNTIFS($B$16:$B$40,A7,$H$16:$H$40,"<>Hecho")=0,"Hecho",IF(COUNTIFS($B$16:$B$40,A7,$H$16:$H$40,"Hecho")=0,"Pendiente","En progreso")) -> En progreso
A8: HU-03 | B8: =INDEX('Product Backlog'!$B$5:$B$13,MATCH(A8,'Product Backlog'!$A$5:$A$13,0)) -> Como usuario quiero recuperar mi contraseña mediante un enlace para volver a entrar si la olvido. | C8: =INDEX('Product Backlog'!$E$5:$E$13,MATCH(A8,'Product Backlog'!$A$5:$A$13,0)) -> 8 | D8: =SUMIFS($F$16:$F$40,$B$16:$B$40,A8) -> 11 | E8: =SUMIFS($G$16:$G$40,$B$16:$B$40,A8) -> 0 | F8: =IF(COUNTIFS($B$16:$B$40,A8,$H$16:$H$40,"<>Hecho")=0,"Hecho",IF(COUNTIFS($B$16:$B$40,A8,$H$16:$H$40,"Hecho")=0,"Pendiente","En progreso")) -> Hecho
A9: HU-04 | B9: =INDEX('Product Backlog'!$B$5:$B$13,MATCH(A9,'Product Backlog'!$A$5:$A$13,0)) -> Como usuario quiero cerrar sesión para proteger mi cuenta en un equipo compartido. | C9: =INDEX('Product Backlog'!$E$5:$E$13,MATCH(A9,'Product Backlog'!$A$5:$A$13,0)) -> 3 | D9: =SUMIFS($F$16:$F$40,$B$16:$B$40,A9) -> 5 | E9: =SUMIFS($G$16:$G$40,$B$16:$B$40,A9) -> 0 | F9: =IF(COUNTIFS($B$16:$B$40,A9,$H$16:$H$40,"<>Hecho")=0,"Hecho",IF(COUNTIFS($B$16:$B$40,A9,$H$16:$H$40,"Hecho")=0,"Pendiente","En progreso")) -> Hecho
A10: HU-05 | B10: =INDEX('Product Backlog'!$B$5:$B$13,MATCH(A10,'Product Backlog'!$A$5:$A$13,0)) -> Como usuario quiero que mi sesión se mantenga al refrescar la pagina para no iniciar sesión de nuevo. | C10: =INDEX('Product Backlog'!$E$5:$E$13,MATCH(A10,'Product Backlog'!$A$5:$A$13,0)) -> 3 | D10: =SUMIFS($F$16:$F$40,$B$16:$B$40,A10) -> 5 | E10: =SUMIFS($G$16:$G$40,$B$16:$B$40,A10) -> 0 | F10: =IF(COUNTIFS($B$16:$B$40,A10,$H$16:$H$40,"<>Hecho")=0,"Hecho",IF(COUNTIFS($B$16:$B$40,A10,$H$16:$H$40,"Hecho")=0,"Pendiente","En progreso")) -> Hecho
A11: Total | C11: =SUM(C6:C10) -> 24 | D11: =SUM(D6:D10) -> 60 | E11: =SUM(E6:E10) -> 11
A15: Tarea | B15: HU | C15: Descripcion de la tarea | D15: Capa | E15: Responsable | F15: Estimacion (h) | G15: Horas restantes | H15: Estado | I15: Evidencia en el codigo (verificada)
A16: T01 | B16: HU-01 | C16: Disenar las tablas rol y usuario (schema.sql) | D16: Base de datos | E16: Alessandra Cosette Mañuico Jáuregui | F16: 1 | G16: 0 | H16: Hecho | I16: backend: db/schema.sql
A17: T02 | B17: HU-01 | C17: Crear docker-compose con PostgreSQL 16 (puerto 5433) | D17: Base de datos | E17: Alessandra Cosette Mañuico Jáuregui | F17: 1 | G17: 0 | H17: Hecho | I17: backend: docker-compose.yml
A18: T03 | B18: HU-01 | C18: Implementar el Singleton ConexionDB (JDBC) | D18: Base de datos | E18: Alessandra Cosette Mañuico Jáuregui | F18: 2 | G18: 0 | H18: Hecho | I18: backend: config/ConexionDB.java
A19: T04 | B19: HU-01 | C19: Implementar UsuarioDao, DaoFactory y UsuarioDaoImpl | D19: Base de datos | E19: Alessandra Cosette Mañuico Jáuregui | F19: 2 | G19: 0 | H19: Hecho | I19: backend: dao/UsuarioDao.java, dao/DaoFactory.java, dao/impl/UsuarioDaoImpl.java
A20: T05 | B20: HU-01 | C20: Servicio de registro con BCrypt y validacion de correo duplicado | D20: Backend | E20: Reaid Yusef Barreto Ibrahim | F20: 3 | G20: 0 | H20: Hecho | I20: backend: service/impl/AuthServiceImpl.java (registrar)
A21: T06 | B21: HU-01 | C21: Endpoint POST /api/auth/register con validaciones de DTO | D21: Backend | E21: Reaid Yusef Barreto Ibrahim | F21: 3 | G21: 0 | H21: Hecho | I21: backend: controller/AuthController.java, dto/RegisterRequestDTO.java
A22: T07 | B22: HU-01 | C22: Pantalla de Registro (React) | D22: Frontend | E22: Alvaro Diego Mera Incio | F22: 4 | G22: 0 | H22: Hecho | I22: frontend: pages/Register.jsx
A23: T08 | B23: HU-02 | C23: Clase JwtUtil: generacion y validacion de tokens JWT | D23: Backend | E23: Reaid Yusef Barreto Ibrahim | F23: 3 | G23: 0 | H23: Hecho | I23: backend: security/JwtUtil.java
A24: T09 | B24: HU-02 | C24: Servicio de inicio de sesion | D24: Backend | E24: Reaid Yusef Barreto Ibrahim | F24: 2 | G24: 0 | H24: Hecho | I24: backend: service/impl/AuthServiceImpl.java (iniciarSesion)
A25: T10 | B25: HU-02 | C25: Endpoint POST /api/auth/login | D25: Backend | E25: Reaid Yusef Barreto Ibrahim | F25: 1 | G25: 0 | H25: Hecho | I25: backend: controller/AuthController.java (login)
A26: T11 | B26: HU-02 | C26: Pantalla de Login (React) | D26: Frontend | E26: Alvaro Diego Mera Incio | F26: 3 | G26: 0 | H26: Hecho | I26: frontend: pages/Login.jsx
A27: T12 | B27: HU-02 | C27: Capa authService.js con axios e interceptor del token | D27: Frontend | E27: Alvaro Diego Mera Incio | F27: 3 | G27: 0 | H27: Hecho | I27: frontend: api/authService.js
... A40: T25 | B40: HU-02 | C40: Pruebas unitarias del servicio de autenticacion | D40: Pruebas | E40: David Eduardo Vilela Rivera | F40: 2 | G40: 6 | H40: Pendiente | I40: No existe la carpeta src/test en el backend
E41: Total | F41: =SUM(F16:F40) -> 60 | G41: =SUM(G16:G40) -> 11

Sheet Sprint Backlog (2)
E4: Sprint Backlog - Sprint 1
A5: ID | B5: Historia de usuario | C5: Puntos | D5: Horas estimadas | E5: Horas restantes | F5: Estado
A6: HU-01 | B6: =INDEX('Product Backlog'!$B$5:$B$13,MATCH(A6,'Product Backlog'!$A$5:$A$13,0)) -> Como pasajero quiero registrarme con nombre, correo y contraseña para tener una cuenta en BusTracka. | C6: =INDEX('Product Backlog'!$E$5:$E$13,MATCH(A6,'Product Backlog'!$A$5:$A$13,0)) -> 5 | D6: =SUMIFS($F$16:$F$40,$B$16:$B$40,A6) -> 22 | E6: =SUMIFS($G$16:$G$40,$B$16:$B$40,A6) -> 5 | F6: =IF(COUNTIFS($B$16:$B$40,A6,$H$16:$H$40,"<>Hecho")=0,"Hecho",IF(COUNTIFS($B$16:$B$40,A6,$H$16:$H$40,"Hecho")=0,"Pendiente","En progreso")) -> En progreso
A7: HU-02 | B7: =INDEX('Product Backlog'!$B$5:$B$13,MATCH(A7,'Product Backlog'!$A$5:$A$13,0)) -> Como usuario quiero iniciar sesión con mi correo y contraseña para acceder al sistema. | C7: =INDEX('Product Backlog'!$E$5:$E$13,MATCH(A7,'Product Backlog'!$A$5:$A$13,0)) -> 5 | D7: =SUMIFS($F$16:$F$40,$B$16:$B$40,A7) -> 17 | E7: =SUMIFS($G$16:$G$40,$B$16:$B$40,A7) -> 6 | F7: =IF(COUNTIFS($B$16:$B$40,A7,$H$16:$H$40,"<>Hecho")=0,"Hecho",IF(COUNTIFS($B$16:$B$40,A7,$H$16:$H$40,"Hecho")=0,"Pendiente","En progreso")) -> En progreso
A8: HU-03 | B8: =INDEX('Product Backlog'!$B$5:$B$13,MATCH(A8,'Product Backlog'!$A$5:$A$13,0)) -> Como usuario quiero recuperar mi contraseña mediante un enlace para volver a entrar si la olvido. | C8: =INDEX('Product Backlog'!$E$5:$E$13,MATCH(A8,'Product Backlog'!$A$5:$A$13,0)) -> 8 | D8: =SUMIFS($F$16:$F$40,$B$16:$B$40,A8) -> 11 | E8: =SUMIFS($G$16:$G$40,$B$16:$B$40,A8) -> 0 | F8: =IF(COUNTIFS($B$16:$B$40,A8,$H$16:$H$40,"<>Hecho")=0,"Hecho",IF(COUNTIFS($B$16:$B$40,A8,$H$16:$H$40,"Hecho")=0,"Pendiente","En progreso")) -> Hecho
A9: HU-04 | B9: =INDEX('Product Backlog'!$B$5:$B$13,MATCH(A9,'Product Backlog'!$A$5:$A$13,0)) -> Como usuario quiero cerrar sesión para proteger mi cuenta en un equipo compartido. | C9: =INDEX('Product Backlog'!$E$5:$E$13,MATCH(A9,'Product Backlog'!$A$5:$A$13,0)) -> 3 | D9: =SUMIFS($F$16:$F$40,$B$16:$B$40,A9) -> 5 | E9: =SUMIFS($G$16:$G$40,$B$16:$B$40,A9) -> 0 | F9: =IF(COUNTIFS($B$16:$B$40,A9,$H$16:$H$40,"<>Hecho")=0,"Hecho",IF(COUNTIFS($B$16:$B$40,A9,$H$16:$H$40,"Hecho")=0,"Pendiente","En progreso")) -> Hecho
A10: HU-05 | B10: =INDEX('Product Backlog'!$B$5:$B$13,MATCH(A10,'Product Backlog'!$A$5:$A$13,0)) -> Como usuario quiero que mi sesión se mantenga al refrescar la pagina para no iniciar sesión de nuevo. | C10: =INDEX('Product Backlog'!$E$5:$E$13,MATCH(A10,'Product Backlog'!$A$5:$A$13,0)) -> 3 | D10: =SUMIFS($F$16:$F$40,$B$16:$B$40,A10) -> 5 | E10: =SUMIFS($G$16:$G$40,$B$16:$B$40,A10) -> 0 | F10: =IF(COUNTIFS($B$16:$B$40,A10,$H$16:$H$40,"<>Hecho")=0,"Hecho",IF(COUNTIFS($B$16:$B$40,A10,$H$16:$H$40,"Hecho")=0,"Pendiente","En progreso")) -> Hecho
A11: Total | C11: =SUM(C6:C10) -> 24 | D11: =SUM(D6:D10) -> 60 | E11: =SUM(E6:E10) -> 11
A14: Tareas Sprint 1
A15: Tarea | B15: HU | C15: Descripcion de la tarea | D15: Capa | E15: Responsable | F15: Estimacion (h) | G15: Horas restantes | H15: Estado | I15: Codigo
A16: T01 | B16: HU-01 | C16: Diseñar las tablas rol y usuario (schema.sql) | D16: Base de datos | E16: Alessandra Cosette Mañuico Jáuregui | F16: 1 | G16: 0 | H16: Hecho | I16: backend: db/schema.sql
A17: T02 | B17: HU-01 | C17: Crear docker-compose con PostgreSQL 16 (puerto 5433) | D17: Base de datos | E17: Alessandra Cosette Mañuico Jáuregui | F17: 1 | G17: 0 | H17: Hecho | I17: backend: docker-compose.yml
A18: T03 | B18: HU-01 | C18: Implementar el Singleton ConexionDB (JDBC) | D18: Base de datos | E18: Alessandra Cosette Mañuico Jáuregui | F18: 2 | G18: 0 | H18: Hecho | I18: backend: config/ConexionDB.java
A19: T04 | B19: HU-01 | C19: Implementar UsuarioDao, DaoFactory y UsuarioDaoImpl | D19: Base de datos | E19: Alessandra Cosette Mañuico Jáuregui | F19: 2 | G19: 0 | H19: Hecho | I19: backend: dao/UsuarioDao.java, dao/DaoFactory.java, dao/impl/UsuarioDaoImpl.java
A20: T05 | B20: HU-01 | C20: Servicio de registro con BCrypt y validacion de correo duplicado | D20: Backend | E20: Reaid Yusef Barreto Ibrahim | F20: 3 | G20: 0 | H20: Hecho | I20: backend: service/impl/AuthServiceImpl.java (registrar)
A21: T06 | B21: HU-01 | C21: Endpoint POST /api/auth/register con validaciones de DTO | D21: Backend | E21: Reaid Yusef Barreto Ibrahim | F21: 3 | G21: 0 | H21: Hecho | I21: backend: controller/AuthController.java, dto/RegisterRequestDTO.java
A22: T07 | B22: HU-01 | C22: Pantalla de Registro (React) | D22: Frontend | E22: Alvaro Diego Mera Incio | F22: 4 | G22: 0 | H22: Hecho | I22: frontend: pages/Register.jsx
A23: T08 | B23: HU-02 | C23: Clase JwtUtil: generación y validación de tokens JWT | D23: Backend | E23: Reaid Yusef Barreto Ibrahim | F23: 3 | G23: 0 | H23: Hecho | I23: backend: security/JwtUtil.java
A24: T09 | B24: HU-02 | C24: Servicio de inicio de sesión | D24: Backend | E24: Reaid Yusef Barreto Ibrahim | F24: 2 | G24: 0 | H24: Hecho | I24: backend: service/impl/AuthServiceImpl.java (iniciarSesion)
A25: T10 | B25: HU-02 | C25: Endpoint POST /api/auth/login | D25: Backend | E25: Reaid Yusef Barreto Ibrahim | F25: 1 | G25: 0 | H25: Hecho | I25: backend: controller/AuthController.java (login)
A26: T11 | B26: HU-02 | C26: Pantalla de Login (React) | D26: Frontend | E26: Alvaro Diego Mera Incio | F26: 3 | G26: 0 | H26: Hecho | I26: frontend: pages/Login.jsx
A27: T12 | B27: HU-02 | C27: Capa authService.js con axios e interceptor del token | D27: Frontend | E27: Alvaro Diego Mera Incio | F27: 3 | G27: 0 | H27: Hecho | I27: frontend: api/authService.js
... A37: T22 | B37: HU-02 | C37: Configuración de CORS para el frontend (puerto 5173) | D37: Backend | E37: Reaid Yusef Barreto Ibrahim | F37: 1 | G37: 0 | H37: Hecho | I37: backend: config/CorsConfig.java
A38: T23 | B38: HU-01 | C38: Pruebas manuales de extremo a extremo de los flujos | D38: Pruebas | E38: David Eduardo Vilela Rivera | F38: 3 | G38: 3 | H38: En progreso
A39: T24 | B39: HU-01 | C39: Documentación del sprint (Excel de planeamiento y README) | D39: Documentacion | E39: David Eduardo Vilela Rivera | F39: 3 | G39: 2 | H39: En progreso
A40: T25 | B40: HU-02 | C40: Pruebas unitarias del servicio de autenticación | D40: Pruebas | E40: David Eduardo Vilela Rivera | F40: 2 | G40: 6 | H40: Pendiente
E41: Total | F41: =SUM(F16:F40) -> 60 | G41: =SUM(G16:G40) -> 11
